clave_canonica,categoria,tiendas_comparadas,tienda_mas_barata,precio_min_usd,precio_max_usd,ahorro_usd,ahorro_pct,producto_ejemplo
rtx 5090 32gb,GPU,2,NomadaWare,3989.99,6989.99,3000.0,42.9,TARJETA DE VIDEO ZOTAC AMP EXTREME INFINITY GEFORCE RTX 5090 32GB GDDR
rx 9060 xt,GPU,3,TecnoGame,469.0,776.99,307.99,39.6,Tarjeta Gráfica Amd Rx 9060 XT 8Gb Gddr6 3F – Gigabyte Gaming OC
rx 9070 gaming,GPU,2,CompuGamer,900.0,1065.93,165.93,15.6,"Tarjeta de Video Gigabyte AMD Radeon RX 9070 GAMING OC, 16GB 256-bit G"
rtx 4070 ti,GPU,2,NomadaWare,1249.99,1404.99,155.0,11.0,TARJETA DE VIDEO ASUS TUF GEFORCE RTX 4070 TI SUPER BTF WHITE OC EDITI
corsair teclado k70,PERIFERICO,3,CompuGamer,89.0,230.0,141.0,61.3,"Teclado Gamer Corsair K70 Core RGB, Teclado Mecánico, Switch Cherry ML"
logitech audifonos g733,PERIFERICO,2,Tecnosmart,20.99,160.0,139.01,86.9,ALMOHADILLAS DE REPUESTO PARA AUDIFONOS LOGITECH G733 – BLACK
core ultra 9 285k,CPU,5,NomadaWare,820.0,950.0,130.0,13.7,PROCESADOR INTEL CORE ULTRA 9 285K 5.7GHZ 36TOPS 24+24 LGA 1851
core ultra 7 265k,CPU,2,Tecnosmart,450.99,575.0,124.01,21.6,PROCESADOR INTEL CORE ULTRA 7 265K – 30MB – LGA1851 – 20-cores (8P+12E
logitech mouse g502,PERIFERICO,2,TecnoGame,55.0,175.0,120.0,68.6,Mouse Gamer Programable Rgb – Logitech G502 Hero
ryzen 9 5900xt,CPU,2,TecnoGame,389.0,490.0,101.0,20.6,"Procesador Ryzen 9 5900XT, 16N+32H – AMD"
ryzen 7 7800x3d,CPU,2,TecnoGame,499.0,599.99,100.99,16.8,"Procesador Ryzen 7 7800X3D, AM5 8N 16H – AMD"
rtx 5070 12gb,GPU,2,NomadaWare,949.99,1049.99,100.0,9.5,TARJETA DE VIDEO ASUS PRIME GEFORCE RTX 5070 12GB OC GDDR7
rx 9070 xt,GPU,2,NomadaWare,1149.99,1235.44,85.45,6.9,TARJETA DE VIDEO XFX SWIFT AMD RADEON RX 9070 XT 16GB GDDR6
ryzen 9 7900x,CPU,2,TecnoGame,459.0,543.99,84.99,15.6,"Procesador Ryzen 9 7900X, AM5 12N 24H – AMD"
ryzen 9 9950x3d2,CPU,2,NomadaWare,1290.0,1370.99,80.99,5.9,PROCESADOR RYZEN 9 9950X3D2 5.6GHZ 16+32 AM5
rtx 5060 8gb,GPU,3,NomadaWare,479.99,556.99,77.0,13.8,TARJETA DE VIDEO MSI CYCLONE GEFORCE RTX 5060 8GB OC GDDR7
rtx 5050 8gb,GPU,3,NomadaWare,399.99,473.99,74.0,15.6,TARJETA DE VIDEO ZOTAC TWIN EDGE NVIDIA RTX 5050 8GB OC GDDR6
rtx 5060,GPU,2,CompuGamer,480.0,553.99,73.99,13.4,"Tarjeta de Video ASUS NVIDIA RTX 5060 DUAL-RTX5060-O8G, 8GB 128-bit GD"
ryzen 5 8500g,CPU,5,CompuGamer,179.0,248.99,69.99,28.1,"Procesador AMD Ryzen 5 8500G con AMD Radeon Graphics, Socket AM5, 5GHz"
ryzen 7 9700x,CPU,3,TecnoGame,425.0,490.99,65.99,13.4,"Procesador Ryzen 7 9700X, AM5 8N 16H – AMD"
kingston 16gb ddr4 3200mhz,RAM,3,Tecnosmart,132.99,197.17,64.18,32.6,Memoria RAM DDR4 Kingston 16GB 3200MHz – (KVR32N22D8/16)
core i5-14400,CPU,2,CompuGamer,245.0,305.99,60.99,19.9,"Procesador Intel Core i5-14400 con Intel UHD Graphics 730, LGA 1700, 4"
core ultra 7 265kf,CPU,2,Tecnosmart,369.99,430.0,60.01,14.0,PROCESADOR INTEL CORE ULTRA 7 265KF – BASE 3.9 GHZ – 30MB – LGA1851 – 
gigabyte gs34wqca,MONITOR,2,CompuGamer,490.0,549.0,59.0,10.7,"Monitor Gamer Curvo Gigabyte GS34WQCA LCD 34″, 3440×1440 Ultra Wide Qu"
ryzen 5 9600x,CPU,4,TecnoGame,275.0,333.99,58.99,17.7,"Procesador Ryzen 5 9600X, AM5 6N 12H – AMD"
core ultra 5 225f,CPU,3,MTEC,220.0,276.99,56.99,20.6,Intel Core Ultra 5 225F Procesador 10C hasta 4.9Ghz
xpg 16gb ddr5 lancer 6000mhz,RAM,2,NomadaWare,270.0,325.0,55.0,16.9,16GB RAM DDR5 XPG LANCER BLADE BLACK 6000MTS CL48
ryzen 7 8700g,CPU,5,TecnoGame,299.0,353.99,54.99,15.5,"Procesador Ryzen 7 8700G, AM5 8N 16H, Gráficos 780M – AMD"
gigabyte mo27q28g,MONITOR,2,NomadaWare,789.99,840.99,51.0,6.1,MONITOR GIGABYTE MO27Q28G WOLED
ryzen 9 9950x3d,CPU,2,NomadaWare,950.0,999.99,49.99,5.0,PROCESADOR AMD RYZEN 9 9950X3D 5.7GHZ 16+32 AM5
asus pa279crv,MONITOR,2,NomadaWare,589.99,638.99,49.0,7.7,MONITOR ASUS PROART PA279CRV
ryzen 7 8700f,CPU,5,TecnoGame,279.0,325.99,46.99,14.4,"Procesador Ryzen 7 8700F, AM5 8N 16H – AMD"
rtx 5070 ti 16gb,GPU,2,Tecnosmart,1404.99,1449.99,45.0,3.1,TARJETA DE VIDEO ASUS PRIME RTX 5070 TI 16GB GDDR7 (PRIME-RTX5070TI-O1
core ultra 7 265,CPU,2,CompuGamer,425.0,470.0,45.0,9.6,"Procesador Intel Core Ultra 7 265 con Intel Graphics, LGA 1851, 5.3GHz"
ryzen 7 7700 3,CPU,2,MTEC,390.0,434.99,44.99,10.3,Amd Ryzen 7 7700 3.8Ghz 8 Núcleos 16 Hilos AM5
corsair 16gb ddr4 vengeance 3200mhz,RAM,2,NomadaWare,180.0,221.99,41.99,18.9,16GB RAM DDR4 CORSAIR VENGEANCE LPX 3200MHZ CL16
teros te-1914s,MONITOR,2,Tecnosmart,69.99,110.0,40.01,36.4,MONITOR TEROS TE-1914S 19.5″ 1600X900 – 5MS – 220 NITS – HDMI – VGA
asus pa248qfv,MONITOR,2,NomadaWare,329.99,368.99,39.0,10.6,MONITOR ASUS PROART PA248QFV
kingston 16gb ddr5 fury,RAM,2,TecnoGame,289.0,326.99,37.99,11.6,"Ram Gamer Ddr5, 16Gb, 5600, Dimm, Cl40, RGB – Kingston Fury"
ryzen 9 9900x,CPU,3,MTEC,540.0,576.45,36.45,6.3,AMD Ryzen 9 9900X Procesador 4.4Ghz 12 Núc 24 Hilos
rx 7600 xt,GPU,2,Tecnosmart,513.99,549.0,35.01,6.4,TARJETA DE VIDEO GIGABYTE AMD RADEON RX 7600 XT – 16GB GDDR6 GAMING OC
asus vg259qm5a,MONITOR,4,NomadaWare,249.99,281.99,32.0,11.3,MONITOR ASUS TUF VG259QM5A
core ultra 5 245k,CPU,2,CompuGamer,435.0,466.99,31.99,6.9,Procesador Intel Core Ultra 5 245K LGA 1851 14x
msi g2712f,MONITOR,2,TecnoGame,289.0,320.99,31.99,10.0,"Monitor 27″ Fhd, Ips, Adaptive Sync, 180Hz, 1ms – Msi G2712F"
gigabyte gs27fa,MONITOR,4,TecnoGame,249.0,280.0,31.0,11.1,"Monitor 27″ Fhd, Ips, Adaptive Sync, 180Hz, 1ms – Gigabyte GS27FA"
ryzen 5 5600gt,CPU,3,CompuGamer,199.0,229.99,30.99,13.5,"Procesador AMD Ryzen 5 5600GT con AMD Radeon Graphics, Socket AM4, 4.6"
asus va249hg,MONITOR,2,Tecnosmart,235.99,265.0,29.01,10.9,Monitor Asus VA249HG 24″ Full HD 120Hz | EyeCare | HDMI y VGA
msi 242c,MONITOR,2,NomadaWare,239.99,269.0,29.01,10.8,MONITOR CURVO MSI MAG 242C
msi 276cxf,MONITOR,2,MTEC,300.0,329.0,29.0,8.8,Msi MAG 276CXF Monitor 27″ FHD Curvo 280Hz 0.5ms
ryzen 5 8600g,CPU,3,NomadaWare,220.0,248.99,28.99,11.6,PROCESADOR AMD RYZEN 5 8600G 6+12 5.0GHZ +RADEON 760M
gigabyte gs25f2a,MONITOR,3,NomadaWare,239.99,267.99,28.0,10.4,MONITOR GIGABYTE GS25F2A
kingston 8gb ddr4 sodimm 3200mhz,RAM,2,Tecnosmart,76.99,100.0,23.01,23.0,Memoria RAM DDR4 SO-DIMM Kingston 8GB 3200MHz – (KVR32S22S8/8)
ryzen 5 8400f,CPU,3,NomadaWare,200.0,220.99,20.99,9.5,PROCESADOR AMD RYZEN 5 8400F 6+12 4.7GHZ
gigabyte gs25f2,MONITOR,3,NomadaWare,219.99,239.99,20.0,8.3,MONITOR GIGABYTE GS25F2
gigabyte gs27qa,MONITOR,4,NomadaWare,299.99,319.0,19.01,6.0,MONITOR GIGABYTE GS27QA
lg 24g411a-b,MONITOR,3,Tecnosmart,176.99,195.0,18.01,9.2,MONITOR LG ULTRAGEAR 24G411A-B 24″ FHD (1920X1080) – 144HZ – IPS – 1MS
gigabyte m27q2,MONITOR,2,NomadaWare,449.99,467.99,18.0,3.8,MONITOR GIGABYTE M27Q2 QD ICE
ryzen 5 5600xt,CPU,2,TecnoGame,199.0,216.99,17.99,8.3,Procesador Ryzen 5 5600XT 6N+12H – Amd
primus audifonos arcus240,PERIFERICO,2,Tecnosmart,23.99,40.0,16.01,40.0,AUDIFONOS PRIMUS ARCUS240 EDICION STAR WARS EDITION DEATH TROOPER – BL
redragon teclado k686,PERIFERICO,2,NomadaWare,75.0,90.99,15.99,17.6,TECLADO REDRAGON EISA K686 RGB
logitech audifonos g335,PERIFERICO,2,TecnoGame,75.0,89.99,14.99,16.7,Audifono Gamer P/ Pc C/ Mic – Logitech G335 MINT
core ultra 5 225,CPU,2,NomadaWare,260.0,272.99,12.99,4.8,PROCESADOR INTEL CORE ULTRA 5 225 4.9GHZ 19TOPS 10+10 LGA 1851
gigabyte gs24f14,MONITOR,3,NomadaWare,199.99,211.99,12.0,5.7,MONITOR GIGABYTE GS24F14
primus audifonos arcus360bt,PERIFERICO,2,TecnoGame,55.0,65.99,10.99,16.7,Audifono Gamer Inalambrico C/ Mic Usb Bt – Primus ARCUS360BT
ryzen 9 9900x3d,CPU,2,Tecnosmart,769.99,780.0,10.01,1.3,PROCESADOR AMD RYZEN 9 9900X3D 4.4GHZ – 12 CORES – 24HILOS – 128MB L3-
rca w2427sg,MONITOR,2,TecnoGame,149.0,159.0,10.0,6.3,"Monitor 24″ Fhd, 100Hz, Hdmi, Vga – Rca W2427SG"
asus xg27aqdmes,MONITOR,2,MTEC,740.0,749.99,9.99,1.3,ASUS ROG STRIX XG27AQDMES 27″ 240Hz OLED QHD
asus vz24ehf,MONITOR,2,TecnoGame,219.0,227.99,8.99,3.9,"Monitor 24″ Fhd, Ips, Adaptive Sync, 100hz, 1ms – Asus VZ24EHF"
logitech teclado k120,PERIFERICO,2,Computron,7.99,15.99,8.0,50.0,TECLADO LOGITECH ALAMBRICO K120 USB ANTIDERRAME NEGRO
acer k202q,MONITOR,2,NomadaWare,79.99,86.99,7.0,8.0,MONITOR ACER K202Q BI
ryzen 3 3200g,CPU,2,TecnoGame,89.0,95.99,6.99,7.3,Procesador Ryzen 3 3200G 4 Nucleos – AMD
ryzen 3 5300g,CPU,2,TecnoGame,145.0,151.99,6.99,4.6,Procesador Ryzen 3 5300G 4.2Ghz – AMD
xtratech xtm19,MONITOR,2,Tecnosmart,76.99,83.0,6.01,7.2,Monitor XTRATECH XTM19 19.5″ HD+ 1600×900 – Entradas HDMI y VGA
logitech teclado g915,PERIFERICO,2,Tecnosmart,253.99,259.99,6.0,2.3,Teclado Logitech G915 TKL Bluetooth Mecanico LightSpeed Rgb (920-00949
teros te-2786g,MONITOR,2,NomadaWare,229.99,235.0,5.01,2.1,MONITOR TEROS TE-2786G
teros te-2767g,MONITOR,2,NomadaWare,289.99,295.0,5.01,1.7,MONITOR CURVO TEROS TE-2767G
samsung g55c,MONITOR,2,NomadaWare,349.99,355.0,5.01,1.4,MONITOR CURVO SAMSUNG ODYSSEY G5 G55C
logitech combo mk120,PERIFERICO,3,Computron,20.99,25.99,5.0,19.2,TECLADO + MOUSE LOGITECH ALAMBRICO MK120 USB
redragon teclado k708gf,PERIFERICO,2,MTEC,85.0,90.0,5.0,5.6,Redragon Flekact Pro K708GF RGB PRO Teclado
asus va279hg,MONITOR,2,TecnoGame,249.0,253.99,4.99,2.0,"Monitor 27″ Fhd, Ips, Adaptive Sync, 120hz, 1ms – Asus VA279HG"
xiaomi g24i,MONITOR,2,TecnoGame,255.0,259.99,4.99,1.9,"Monitor 24″ Fhd, Ips, 200hz, 1 ms, Adaptive Sync – Xiaomi G24i 2026"
logitech mouse m170,PERIFERICO,2,Computron,10.99,14.5,3.51,24.2,MOUSE LOGITECH INALAMBRICO M170 GRIS
lg 20u401a-b,MONITOR,2,Tecnosmart,94.99,98.0,3.01,3.1,Monitor LG 20U401A-B 19.5″ | 1600×900 | HDMI y VGA
logitech combo mk200,PERIFERICO,2,Computron,26.99,29.99,3.0,10.0,TECLADO + MOUSE LOGITECH ALAMBRICO MK200 USB
primus teclado ballista61t,PERIFERICO,2,CompuGamer,39.0,42.0,3.0,7.1,TECLADO PRIMUS GAMING BALLISTA61T – ABS – 61 TECLAS – RETROILUMINADO –
alcatroz combo xc3000,PERIFERICO,2,MTEC,13.0,15.0,2.0,13.3,Alcatroz X-Craft XC3000 Combo Teclado + Mouse
core i7-14700f,CPU,2,Tecnosmart,514.99,516.98,1.99,0.4,Procesador Intel Core i7-14700F | 8-CORES / 20-THREADS | 28MB | LGA170
logitech mouse m196,PERIFERICO,3,Computron,13.99,15.0,1.01,6.7,MOUSE LOGITECH M196 INALAMBRICO BLUETOOTH - GRAFITO 1000 DPI
lg 27g411a-b,MONITOR,2,Tecnosmart,213.99,215.0,1.01,0.5,MONITOR LG ULTRAGEAR 27G411A-B – 27″ FHD IPS (1920X1080P) – 1MS MBR – 
quasad teclado qk-440c,PERIFERICO,2,CompuGamer,8.0,9.0,1.0,11.1,Teclado Quasad USB Español Multimedia Modelo QK-440C
quasad teclado qkm-g80,PERIFERICO,2,TecnoGame,29.0,29.99,0.99,3.3,Teclado Gamer Mecanico Rgb 100% – Quasad QKM-G80
logitech combo mk250,PERIFERICO,2,NomadaWare,35.0,35.99,0.99,2.8,TECLADO Y MOUSE INALAMBRICO LOGITECH MK250
genius teclado kb-117,PERIFERICO,2,Tecnosmart,7.99,8.0,0.01,0.1,TECLADO GENIUS KB-117 ALAMBRICO USB – BLACK
asus vg279qm5a,MONITOR,2,NomadaWare,289.99,290.0,0.01,0.0,MONITOR ASUS TUF VG279QM5A
asus vg249q5r,MONITOR,2,NomadaWare,239.99,240.0,0.01,0.0,MONITOR ASUS TUF VG249Q5R
genius combo km-160,PERIFERICO,2,Tecnosmart,11.99,12.0,0.01,0.1,"Combo Genius KM-160: Teclado, Mouse"
teros te-2754g,MONITOR,2,NomadaWare,299.99,300.0,0.01,0.0,MONITOR TEROS TE-2754G
redragon teclado k673,PERIFERICO,2,MTEC,70.0,70.0,0.0,0.0,Redragon Ucal Pro K673 Anime Teclado 75% Wireless
logitech mouse g203,PERIFERICO,2,MTEC,25.0,25.0,0.0,0.0,Logitech G203 RGB LightSync Mouse Gamer
